timeStamp,elapsed,label,responseCode,responseMessage,threadName,dataType,success,failureMessage,bytes,sentBytes,grpThreads,allThreads,URL,Latency,IdleTime,Connect
1709043128747,358,GET Single User,200,OK,Workload Config 1-1,text,true,,1180,148,1,1,https://reqres.in/api/users/2,358,0,296
1709043129253,155,GET Single User,200,OK,Workload Config 1-2,text,true,,1178,148,2,2,https://reqres.in/api/users/2,155,0,100
1709043129110,423,Post Request,201,Created,Workload Config 1-1,text,true,,901,278,2,2,https://reqres.in/api/users,423,0,0
1709043129410,424,Post Request,201,Created,Workload Config 1-2,text,true,,905,278,2,2,https://reqres.in/api/users,424,0,0
1709043129749,183,GET Single User,200,OK,Workload Config 1-3,text,true,,1186,148,1,1,https://reqres.in/api/users/2,183,0,95
1709043129934,403,Post Request,201,Created,Workload Config 1-3,text,true,,905,278,2,2,https://reqres.in/api/users,403,0,0
1709043130249,154,GET Single User,200,OK,Workload Config 1-4,text,true,,1186,148,1,1,https://reqres.in/api/users/2,154,0,100
1709043130404,423,Post Request,201,Created,Workload Config 1-4,text,true,,893,278,2,2,https://reqres.in/api/users,423,0,0
1709043130751,158,GET Single User,200,OK,Workload Config 1-5,text,true,,1186,148,1,1,https://reqres.in/api/users/2,158,0,100
1709043130910,436,Post Request,201,Created,Workload Config 1-5,text,true,,893,278,2,2,https://reqres.in/api/users,435,0,0
1709043131255,166,GET Single User,200,OK,Workload Config 1-6,text,true,,1186,148,1,1,https://reqres.in/api/users/2,166,0,102
1709043131423,435,Post Request,201,Created,Workload Config 1-6,text,true,,896,278,2,2,https://reqres.in/api/users,434,0,0
1709043131808,149,GET Single User,200,OK,Workload Config 1-7,text,true,,1186,148,1,1,https://reqres.in/api/users/2,149,0,99
1709043131958,411,Post Request,201,Created,Workload Config 1-7,text,true,,897,278,2,2,https://reqres.in/api/users,411,0,0
1709043132306,204,GET Single User,200,OK,Workload Config 1-8,text,true,,1178,148,1,1,https://reqres.in/api/users/2,203,0,134
1709043132511,436,Post Request,201,Created,Workload Config 1-8,text,true,,897,278,2,2,https://reqres.in/api/users,436,0,0
1709043132807,158,GET Single User,200,OK,Workload Config 1-9,text,true,,1182,148,1,1,https://reqres.in/api/users/2,158,0,102
1709043132967,434,Post Request,201,Created,Workload Config 1-9,text,true,,897,278,2,2,https://reqres.in/api/users,434,0,0
1709043133335,177,GET Single User,200,OK,Workload Config 1-10,text,true,,1182,148,1,1,https://reqres.in/api/users/2,177,0,120
1709043133513,415,Post Request,201,Created,Workload Config 1-10,text,true,,905,278,2,2,https://reqres.in/api/users,415,0,0
1709043133818,177,GET Single User,200,OK,Workload Config 1-11,text,true,,1186,148,1,1,https://reqres.in/api/users/2,177,0,111
1709043133996,407,Post Request,201,Created,Workload Config 1-11,text,true,,904,278,2,2,https://reqres.in/api/users,407,0,0
1709043134305,175,GET Single User,200,OK,Workload Config 1-12,text,true,,1186,148,1,1,https://reqres.in/api/users/2,175,0,119
1709043134482,403,Post Request,201,Created,Workload Config 1-12,text,true,,897,278,2,2,https://reqres.in/api/users,403,0,0
1709043134806,161,GET Single User,200,OK,Workload Config 1-13,text,true,,1186,148,1,1,https://reqres.in/api/users/2,161,0,108
1709043134968,408,Post Request,201,Created,Workload Config 1-13,text,true,,897,278,2,2,https://reqres.in/api/users,408,0,0
1709043135306,182,GET Single User,200,OK,Workload Config 1-14,text,true,,1186,148,1,1,https://reqres.in/api/users/2,182,0,114
1709043135489,425,Post Request,201,Created,Workload Config 1-14,text,true,,897,278,2,2,https://reqres.in/api/users,425,0,0
1709043135805,154,GET Single User,200,OK,Workload Config 1-15,text,true,,1186,148,1,1,https://reqres.in/api/users/2,154,0,94
1709043135960,409,Post Request,201,Created,Workload Config 1-15,text,true,,897,278,2,2,https://reqres.in/api/users,409,0,0
1709043136304,162,GET Single User,200,OK,Workload Config 1-16,text,true,,1186,148,1,1,https://reqres.in/api/users/2,162,0,96
1709043136467,417,Post Request,201,Created,Workload Config 1-16,text,true,,897,278,2,2,https://reqres.in/api/users,417,0,0
1709043136804,179,GET Single User,200,OK,Workload Config 1-17,text,true,,1186,148,1,1,https://reqres.in/api/users/2,179,0,122
1709043136985,416,Post Request,201,Created,Workload Config 1-17,text,true,,897,278,2,2,https://reqres.in/api/users,416,0,0
1709043137305,163,GET Single User,200,OK,Workload Config 1-18,text,true,,1178,148,1,1,https://reqres.in/api/users/2,163,0,94
1709043137470,424,Post Request,201,Created,Workload Config 1-18,text,true,,904,278,2,2,https://reqres.in/api/users,424,0,0
1709043137805,156,GET Single User,200,OK,Workload Config 1-19,text,true,,1186,148,1,1,https://reqres.in/api/users/2,156,0,103
1709043137963,425,Post Request,201,Created,Workload Config 1-19,text,true,,905,278,2,2,https://reqres.in/api/users,425,0,0
1709043138305,166,GET Single User,200,OK,Workload Config 1-20,text,true,,1186,148,1,1,https://reqres.in/api/users/2,166,0,108
1709043138472,407,Post Request,201,Created,Workload Config 1-20,text,true,,897,278,2,2,https://reqres.in/api/users,407,0,0
1709043138803,176,GET Single User,200,OK,Workload Config 1-21,text,true,,1182,148,1,1,https://reqres.in/api/users/2,176,0,107
1709043138980,408,Post Request,201,Created,Workload Config 1-21,text,true,,897,278,2,2,https://reqres.in/api/users,408,0,0
1709043139305,163,GET Single User,200,OK,Workload Config 1-22,text,true,,1186,148,1,1,https://reqres.in/api/users/2,163,0,101
1709043139469,407,Post Request,201,Created,Workload Config 1-22,text,true,,905,278,2,2,https://reqres.in/api/users,407,0,0
1709043139804,156,GET Single User,200,OK,Workload Config 1-23,text,true,,1186,148,1,1,https://reqres.in/api/users/2,156,0,93
1709043139961,400,Post Request,201,Created,Workload Config 1-23,text,true,,904,278,2,2,https://reqres.in/api/users,400,0,0
1709043140304,165,GET Single User,200,OK,Workload Config 1-24,text,true,,1182,148,1,1,https://reqres.in/api/users/2,164,0,96
1709043140469,417,Post Request,201,Created,Workload Config 1-24,text,true,,901,278,2,2,https://reqres.in/api/users,417,0,0
1709043140803,176,GET Single User,200,OK,Workload Config 1-25,text,true,,1186,148,1,1,https://reqres.in/api/users/2,176,0,112
1709043140980,421,Post Request,201,Created,Workload Config 1-25,text,true,,901,278,2,2,https://reqres.in/api/users,421,0,0
1709043141304,316,GET Single User,200,OK,Workload Config 1-26,text,true,,1186,148,1,1,https://reqres.in/api/users/2,315,0,259
1709043141804,169,GET Single User,200,OK,Workload Config 1-27,text,true,,1186,148,2,2,https://reqres.in/api/users/2,169,0,102
1709043141621,422,Post Request,201,Created,Workload Config 1-26,text,true,,901,278,2,2,https://reqres.in/api/users,422,0,0
1709043141974,420,Post Request,201,Created,Workload Config 1-27,text,true,,901,278,2,2,https://reqres.in/api/users,420,0,0
1709043142306,160,GET Single User,200,OK,Workload Config 1-28,text,true,,1186,148,1,1,https://reqres.in/api/users/2,160,0,96
1709043142467,409,Post Request,201,Created,Workload Config 1-28,text,true,,905,278,2,2,https://reqres.in/api/users,408,0,0
1709043142814,170,GET Single User,200,OK,Workload Config 1-29,text,true,,1186,148,1,1,https://reqres.in/api/users/2,170,0,112
1709043142986,416,Post Request,201,Created,Workload Config 1-29,text,true,,905,278,2,2,https://reqres.in/api/users,416,0,0
1709043143304,157,GET Single User,200,OK,Workload Config 1-30,text,true,,1182,148,1,1,https://reqres.in/api/users/2,157,0,104
1709043143462,417,Post Request,201,Created,Workload Config 1-30,text,true,,901,278,2,2,https://reqres.in/api/users,417,0,0
1709043143803,156,GET Single User,200,OK,Workload Config 1-31,text,true,,1186,148,1,1,https://reqres.in/api/users/2,156,0,100
1709043143960,419,Post Request,201,Created,Workload Config 1-31,text,true,,901,278,2,2,https://reqres.in/api/users,419,0,0
1709043144304,157,GET Single User,200,OK,Workload Config 1-32,text,true,,1182,148,1,1,https://reqres.in/api/users/2,156,0,99
1709043144462,401,Post Request,201,Created,Workload Config 1-32,text,true,,897,278,2,2,https://reqres.in/api/users,401,0,0
1709043144810,173,GET Single User,200,OK,Workload Config 1-33,text,true,,1178,148,1,1,https://reqres.in/api/users/2,173,0,103
1709043144985,404,Post Request,201,Created,Workload Config 1-33,text,true,,896,278,2,2,https://reqres.in/api/users,404,0,0
1709043145308,162,GET Single User,200,OK,Workload Config 1-34,text,true,,1182,148,1,1,https://reqres.in/api/users/2,161,0,98
1709043145471,420,Post Request,201,Created,Workload Config 1-34,text,true,,893,278,2,2,https://reqres.in/api/users,420,0,0
1709043145806,157,GET Single User,200,OK,Workload Config 1-35,text,true,,1182,148,1,1,https://reqres.in/api/users/2,157,0,101
1709043145965,415,Post Request,201,Created,Workload Config 1-35,text,true,,893,278,2,2,https://reqres.in/api/users,414,0,0
1709043146306,192,GET Single User,200,OK,Workload Config 1-36,text,true,,1182,148,1,1,https://reqres.in/api/users/2,192,0,104
1709043146499,418,Post Request,201,Created,Workload Config 1-36,text,true,,897,278,2,2,https://reqres.in/api/users,418,0,0
1709043146805,169,GET Single User,200,OK,Workload Config 1-37,text,true,,1186,148,1,1,https://reqres.in/api/users/2,169,0,110
1709043146976,408,Post Request,201,Created,Workload Config 1-37,text,true,,897,278,2,2,https://reqres.in/api/users,407,0,0
1709043147303,157,GET Single User,200,OK,Workload Config 1-38,text,true,,1186,148,1,1,https://reqres.in/api/users/2,157,0,105
1709043147461,417,Post Request,201,Created,Workload Config 1-38,text,true,,897,278,2,2,https://reqres.in/api/users,417,0,0
1709043147804,182,GET Single User,200,OK,Workload Config 1-39,text,true,,1182,148,1,1,https://reqres.in/api/users/2,182,0,121
1709043147987,435,Post Request,201,Created,Workload Config 1-39,text,true,,897,278,2,2,https://reqres.in/api/users,435,0,0
1709043148302,157,GET Single User,200,OK,Workload Config 1-40,text,true,,1178,148,1,1,https://reqres.in/api/users/2,157,0,107
1709043148461,416,Post Request,201,Created,Workload Config 1-40,text,true,,897,278,2,2,https://reqres.in/api/users,416,0,0
1709043148802,150,GET Single User,200,OK,Workload Config 1-41,text,true,,1186,148,1,1,https://reqres.in/api/users/2,150,0,97
1709043148954,420,Post Request,201,Created,Workload Config 1-41,text,true,,897,278,2,2,https://reqres.in/api/users,420,0,0
1709043149300,177,GET Single User,200,OK,Workload Config 1-42,text,true,,1186,148,1,1,https://reqres.in/api/users/2,177,0,115
1709043149478,452,Post Request,201,Created,Workload Config 1-42,text,true,,897,278,2,2,https://reqres.in/api/users,452,0,0
1709043149799,235,GET Single User,200,OK,Workload Config 1-43,text,true,,1180,148,1,1,https://reqres.in/api/users/2,235,0,176
1709043150035,419,Post Request,201,Created,Workload Config 1-43,text,true,,897,278,2,2,https://reqres.in/api/users,419,0,0
1709043150299,161,GET Single User,200,OK,Workload Config 1-44,text,true,,1186,148,1,1,https://reqres.in/api/users/2,161,0,101
1709043150462,443,Post Request,201,Created,Workload Config 1-44,text,true,,901,278,2,2,https://reqres.in/api/users,443,0,0
1709043150797,173,GET Single User,200,OK,Workload Config 1-45,text,true,,1186,148,1,1,https://reqres.in/api/users/2,173,0,105
1709043150971,405,Post Request,201,Created,Workload Config 1-45,text,true,,901,278,2,2,https://reqres.in/api/users,405,0,0
1709043151304,171,GET Single User,200,OK,Workload Config 1-46,text,true,,1178,148,1,1,https://reqres.in/api/users/2,171,0,100
1709043151476,410,Post Request,201,Created,Workload Config 1-46,text,true,,897,278,2,2,https://reqres.in/api/users,410,0,0
1709043151800,178,GET Single User,200,OK,Workload Config 1-47,text,true,,1182,148,1,1,https://reqres.in/api/users/2,178,0,112
1709043151979,447,Post Request,201,Created,Workload Config 1-47,text,true,,897,278,2,2,https://reqres.in/api/users,447,0,0
1709043152317,470,GET Single User,200,OK,Workload Config 1-48,text,true,,1182,148,1,1,https://reqres.in/api/users/2,469,0,239
1709043152802,396,GET Single User,200,OK,Workload Config 1-49,text,true,,1186,148,2,2,https://reqres.in/api/users/2,396,0,259
1709043152788,472,Post Request,201,Created,Workload Config 1-48,text,true,,909,278,2,2,https://reqres.in/api/users,472,0,0
1709043153302,222,GET Single User,200,OK,Workload Config 1-50,text,true,,1180,148,2,2,https://reqres.in/api/users/2,222,0,159
1709043153199,431,Post Request,201,Created,Workload Config 1-49,text,true,,909,278,2,2,https://reqres.in/api/users,431,0,0
1709043153526,409,Post Request,201,Created,Workload Config 1-50,text,true,,909,278,2,2,https://reqres.in/api/users,409,0,0
1709043153800,154,GET Single User,200,OK,Workload Config 1-51,text,true,,1182,148,1,1,https://reqres.in/api/users/2,154,0,100
1709043153955,408,Post Request,201,Created,Workload Config 1-51,text,true,,909,278,2,2,https://reqres.in/api/users,408,0,0
1709043154300,217,GET Single User,200,OK,Workload Config 1-52,text,true,,1186,148,1,1,https://reqres.in/api/users/2,216,0,150
1709043154518,417,Post Request,201,Created,Workload Config 1-52,text,true,,901,278,2,2,https://reqres.in/api/users,417,0,0
1709043154801,156,GET Single User,200,OK,Workload Config 1-53,text,true,,1186,148,1,1,https://reqres.in/api/users/2,156,0,99
1709043154960,427,Post Request,201,Created,Workload Config 1-53,text,true,,901,278,2,2,https://reqres.in/api/users,427,0,0
1709043155299,159,GET Single User,200,OK,Workload Config 1-54,text,true,,1186,148,1,1,https://reqres.in/api/users/2,159,0,104
1709043155459,411,Post Request,201,Created,Workload Config 1-54,text,true,,905,278,2,2,https://reqres.in/api/users,411,0,0
1709043155798,164,GET Single User,200,OK,Workload Config 1-55,text,true,,1178,148,1,1,https://reqres.in/api/users/2,164,0,104
1709043155963,400,Post Request,201,Created,Workload Config 1-55,text,true,,905,278,2,2,https://reqres.in/api/users,400,0,0
1709043156297,190,GET Single User,200,OK,Workload Config 1-56,text,true,,1182,148,1,1,https://reqres.in/api/users/2,190,0,105
1709043156488,421,Post Request,201,Created,Workload Config 1-56,text,true,,897,278,2,2,https://reqres.in/api/users,421,0,0
1709043156796,184,GET Single User,200,OK,Workload Config 1-57,text,true,,1186,148,1,1,https://reqres.in/api/users/2,184,0,118
1709043156982,461,Post Request,201,Created,Workload Config 1-57,text,true,,897,278,2,2,https://reqres.in/api/users,461,0,0
1709043157297,227,GET Single User,200,OK,Workload Config 1-58,text,true,,1186,148,1,1,https://reqres.in/api/users/2,227,0,156
1709043157794,156,GET Single User,200,OK,Workload Config 1-59,text,true,,1180,148,2,2,https://reqres.in/api/users/2,156,0,100
1709043157526,434,Post Request,201,Created,Workload Config 1-58,text,true,,901,278,2,2,https://reqres.in/api/users,434,0,0
1709043157951,400,Post Request,201,Created,Workload Config 1-59,text,true,,901,278,2,2,https://reqres.in/api/users,400,0,0
1709043158295,155,GET Single User,200,OK,Workload Config 1-60,text,true,,1186,148,1,1,https://reqres.in/api/users/2,155,0,100
1709043158452,403,Post Request,201,Created,Workload Config 1-60,text,true,,893,278,2,2,https://reqres.in/api/users,403,0,0
1709043158796,160,GET Single User,200,OK,Workload Config 1-61,text,true,,1186,148,1,1,https://reqres.in/api/users/2,160,0,103
1709043158957,418,Post Request,201,Created,Workload Config 1-61,text,true,,892,278,2,2,https://reqres.in/api/users,418,0,0
1709043159297,174,GET Single User,200,OK,Workload Config 1-62,text,true,,1182,148,1,1,https://reqres.in/api/users/2,174,0,108
1709043159472,437,Post Request,201,Created,Workload Config 1-62,text,true,,901,278,2,2,https://reqres.in/api/users,437,0,0
1709043159796,160,GET Single User,200,OK,Workload Config 1-63,text,true,,1186,148,1,1,https://reqres.in/api/users/2,160,0,106
1709043159958,419,Post Request,201,Created,Workload Config 1-63,text,true,,901,278,2,2,https://reqres.in/api/users,419,0,0
1709043160295,172,GET Single User,200,OK,Workload Config 1-64,text,true,,1186,148,1,1,https://reqres.in/api/users/2,172,0,101
1709043160468,401,Post Request,201,Created,Workload Config 1-64,text,true,,897,278,2,2,https://reqres.in/api/users,401,0,0
1709043160795,151,GET Single User,200,OK,Workload Config 1-65,text,true,,1186,148,1,1,https://reqres.in/api/users/2,151,0,97
1709043160947,418,Post Request,201,Created,Workload Config 1-65,text,true,,897,278,2,2,https://reqres.in/api/users,418,0,0
1709043161294,203,GET Single User,200,OK,Workload Config 1-66,text,true,,1182,148,1,1,https://reqres.in/api/users/2,203,0,153
1709043161498,402,Post Request,201,Created,Workload Config 1-66,text,true,,897,278,2,2,https://reqres.in/api/users,402,0,0
1709043161793,177,GET Single User,200,OK,Workload Config 1-67,text,true,,1186,148,1,1,https://reqres.in/api/users/2,177,0,105
1709043161971,420,Post Request,201,Created,Workload Config 1-67,text,true,,897,278,2,2,https://reqres.in/api/users,420,0,0
1709043162295,161,GET Single User,200,OK,Workload Config 1-68,text,true,,1180,148,1,1,https://reqres.in/api/users/2,161,0,102
1709043162457,411,Post Request,201,Created,Workload Config 1-68,text,true,,893,278,2,2,https://reqres.in/api/users,411,0,0
1709043162793,163,GET Single User,200,OK,Workload Config 1-69,text,true,,1186,148,1,1,https://reqres.in/api/users/2,163,0,100
1709043162958,407,Post Request,201,Created,Workload Config 1-69,text,true,,893,278,2,2,https://reqres.in/api/users,407,0,0
1709043163303,218,GET Single User,200,OK,Workload Config 1-70,text,true,,1182,148,1,1,https://reqres.in/api/users/2,217,0,128
1709043163523,413,Post Request,201,Created,Workload Config 1-70,text,true,,904,278,2,2,https://reqres.in/api/users,413,0,0
1709043163794,171,GET Single User,200,OK,Workload Config 1-71,text,true,,1186,148,1,1,https://reqres.in/api/users/2,171,0,115
1709043163967,401,Post Request,201,Created,Workload Config 1-71,text,true,,905,278,2,2,https://reqres.in/api/users,401,0,0
1709043164294,198,GET Single User,200,OK,Workload Config 1-72,text,true,,1178,148,1,1,https://reqres.in/api/users/2,198,0,124
1709043164493,408,Post Request,201,Created,Workload Config 1-72,text,true,,896,278,2,2,https://reqres.in/api/users,408,0,0
1709043164794,153,GET Single User,200,OK,Workload Config 1-73,text,true,,1186,148,1,1,https://reqres.in/api/users/2,153,0,100
1709043164948,415,Post Request,201,Created,Workload Config 1-73,text,true,,897,278,2,2,https://reqres.in/api/users,415,0,0
1709043165292,168,GET Single User,200,OK,Workload Config 1-74,text,true,,1182,148,1,1,https://reqres.in/api/users/2,168,0,110
1709043165461,415,Post Request,201,Created,Workload Config 1-74,text,true,,901,278,2,2,https://reqres.in/api/users,415,0,0
1709043165796,164,GET Single User,200,OK,Workload Config 1-75,text,true,,1182,148,1,1,https://reqres.in/api/users/2,164,0,101
1709043165961,404,Post Request,201,Created,Workload Config 1-75,text,true,,901,278,2,2,https://reqres.in/api/users,404,0,0
1709043166290,173,GET Single User,200,OK,Workload Config 1-76,text,true,,1186,148,1,1,https://reqres.in/api/users/2,173,0,104
1709043166464,408,Post Request,201,Created,Workload Config 1-76,text,true,,893,278,2,2,https://reqres.in/api/users,408,0,0
1709043166790,171,GET Single User,200,OK,Workload Config 1-77,text,true,,1186,148,1,1,https://reqres.in/api/users/2,171,0,120
1709043166962,397,Post Request,201,Created,Workload Config 1-77,text,true,,893,278,2,2,https://reqres.in/api/users,397,0,0
1709043167291,153,GET Single User,200,OK,Workload Config 1-78,text,true,,1182,148,1,1,https://reqres.in/api/users/2,153,0,102
1709043167445,415,Post Request,201,Created,Workload Config 1-78,text,true,,901,278,2,2,https://reqres.in/api/users,414,0,0
1709043167791,158,GET Single User,200,OK,Workload Config 1-79,text,true,,1180,148,1,1,https://reqres.in/api/users/2,158,0,101
1709043167950,400,Post Request,201,Created,Workload Config 1-79,text,true,,901,278,2,2,https://reqres.in/api/users,400,0,0
1709043168290,180,GET Single User,200,OK,Workload Config 1-80,text,true,,1178,148,1,1,https://reqres.in/api/users/2,180,0,115
1709043168471,405,Post Request,201,Created,Workload Config 1-80,text,true,,897,278,2,2,https://reqres.in/api/users,405,0,0
1709043168790,163,GET Single User,200,OK,Workload Config 1-81,text,true,,1186,148,1,1,https://reqres.in/api/users/2,163,0,105
1709043168954,397,Post Request,201,Created,Workload Config 1-81,text,true,,897,278,2,2,https://reqres.in/api/users,396,0,0
1709043169290,198,GET Single User,200,OK,Workload Config 1-82,text,true,,1186,148,1,1,https://reqres.in/api/users/2,198,0,143
1709043169489,403,Post Request,201,Created,Workload Config 1-82,text,true,,893,278,2,2,https://reqres.in/api/users,403,0,0
1709043169789,183,GET Single User,200,OK,Workload Config 1-83,text,true,,1186,148,1,1,https://reqres.in/api/users/2,183,0,103
1709043169973,409,Post Request,201,Created,Workload Config 1-83,text,true,,893,278,2,2,https://reqres.in/api/users,408,0,0
1709043170290,172,GET Single User,200,OK,Workload Config 1-84,text,true,,1182,148,1,1,https://reqres.in/api/users/2,171,0,109
1709043170463,406,Post Request,201,Created,Workload Config 1-84,text,true,,897,278,2,2,https://reqres.in/api/users,406,0,0
1709043170788,156,GET Single User,200,OK,Workload Config 1-85,text,true,,1180,148,1,1,https://reqres.in/api/users/2,156,0,101
1709043170945,420,Post Request,201,Created,Workload Config 1-85,text,true,,897,278,2,2,https://reqres.in/api/users,420,0,0
1709043171288,176,GET Single User,200,OK,Workload Config 1-86,text,true,,1186,148,1,1,https://reqres.in/api/users/2,176,0,110
1709043171465,415,Post Request,201,Created,Workload Config 1-86,text,true,,897,278,2,2,https://reqres.in/api/users,415,0,0
1709043171786,160,GET Single User,200,OK,Workload Config 1-87,text,true,,1180,148,1,1,https://reqres.in/api/users/2,160,0,101
1709043171948,404,Post Request,201,Created,Workload Config 1-87,text,true,,897,278,2,2,https://reqres.in/api/users,404,0,0
1709043172288,161,GET Single User,200,OK,Workload Config 1-88,text,true,,1186,148,1,1,https://reqres.in/api/users/2,161,0,107
1709043172450,423,Post Request,201,Created,Workload Config 1-88,text,true,,901,278,2,2,https://reqres.in/api/users,423,0,0
1709043172786,186,GET Single User,200,OK,Workload Config 1-89,text,true,,1186,148,1,1,https://reqres.in/api/users/2,186,0,129
1709043172973,428,Post Request,201,Created,Workload Config 1-89,text,true,,899,278,2,2,https://reqres.in/api/users,428,0,0
1709043173286,152,GET Single User,200,OK,Workload Config 1-90,text,true,,1186,148,1,1,https://reqres.in/api/users/2,152,0,99
1709043173440,419,Post Request,201,Created,Workload Config 1-90,text,true,,901,278,2,2,https://reqres.in/api/users,419,0,0
1709043173786,165,GET Single User,200,OK,Workload Config 1-91,text,true,,1186,148,1,1,https://reqres.in/api/users/2,165,0,100
1709043173952,423,Post Request,201,Created,Workload Config 1-91,text,true,,901,278,2,2,https://reqres.in/api/users,423,0,0
1709043174285,154,GET Single User,200,OK,Workload Config 1-92,text,true,,1182,148,1,1,https://reqres.in/api/users/2,154,0,91
1709043174441,418,Post Request,201,Created,Workload Config 1-92,text,true,,901,278,2,2,https://reqres.in/api/users,418,0,0
1709043174784,163,GET Single User,200,OK,Workload Config 1-93,text,true,,1186,148,1,1,https://reqres.in/api/users/2,163,0,102
1709043174949,400,Post Request,201,Created,Workload Config 1-93,text,true,,901,278,2,2,https://reqres.in/api/users,400,0,0
1709043175284,175,GET Single User,200,OK,Workload Config 1-94,text,true,,1186,148,1,1,https://reqres.in/api/users/2,175,0,105
1709043175460,406,Post Request,201,Created,Workload Config 1-94,text,true,,893,278,2,2,https://reqres.in/api/users,406,0,0
1709043175784,176,GET Single User,200,OK,Workload Config 1-95,text,true,,1186,148,1,1,https://reqres.in/api/users/2,176,0,109
1709043175961,417,Post Request,201,Created,Workload Config 1-95,text,true,,893,278,2,2,https://reqres.in/api/users,417,0,0
1709043176285,154,GET Single User,200,OK,Workload Config 1-96,text,true,,1186,148,1,1,https://reqres.in/api/users/2,154,0,103
1709043176441,406,Post Request,201,Created,Workload Config 1-96,text,true,,897,278,2,2,https://reqres.in/api/users,406,0,0
1709043176783,173,GET Single User,200,OK,Workload Config 1-97,text,true,,1186,148,1,1,https://reqres.in/api/users/2,173,0,102
1709043176957,413,Post Request,201,Created,Workload Config 1-97,text,true,,897,278,2,2,https://reqres.in/api/users,413,0,0
1709043177284,181,GET Single User,200,OK,Workload Config 1-98,text,true,,1186,148,1,1,https://reqres.in/api/users/2,181,0,127
1709043177466,411,Post Request,201,Created,Workload Config 1-98,text,true,,904,278,2,2,https://reqres.in/api/users,411,0,0
1709043177783,158,GET Single User,200,OK,Workload Config 1-99,text,true,,1180,148,1,1,https://reqres.in/api/users/2,158,0,101
1709043177942,431,Post Request,201,Created,Workload Config 1-99,text,true,,905,278,2,2,https://reqres.in/api/users,431,0,0
1709043178293,264,GET Single User,200,OK,Workload Config 1-100,text,true,,1178,148,1,1,https://reqres.in/api/users/2,264,0,164
1709043178559,399,Post Request,201,Created,Workload Config 1-100,text,true,,901,278,2,2,https://reqres.in/api/users,399,0,0
1709043178783,188,GET Single User,200,OK,Workload Config 1-101,text,true,,1180,148,1,1,https://reqres.in/api/users/2,188,0,128
1709043178972,399,Post Request,201,Created,Workload Config 1-101,text,true,,900,278,2,2,https://reqres.in/api/users,399,0,0
1709043179283,159,GET Single User,200,OK,Workload Config 1-102,text,true,,1186,148,1,1,https://reqres.in/api/users/2,159,0,104
1709043179443,425,Post Request,201,Created,Workload Config 1-102,text,true,,901,278,2,2,https://reqres.in/api/users,425,0,0
1709043179782,163,GET Single User,200,OK,Workload Config 1-103,text,true,,1182,148,1,1,https://reqres.in/api/users/2,163,0,104
1709043179946,427,Post Request,201,Created,Workload Config 1-103,text,true,,899,278,2,2,https://reqres.in/api/users,427,0,0
1709043180285,162,GET Single User,200,OK,Workload Config 1-104,text,true,,1186,148,1,1,https://reqres.in/api/users/2,162,0,107
1709043180448,412,Post Request,201,Created,Workload Config 1-104,text,true,,897,278,2,2,https://reqres.in/api/users,412,0,0
1709043180782,156,GET Single User,200,OK,Workload Config 1-105,text,true,,1178,148,1,1,https://reqres.in/api/users/2,156,0,99
1709043180939,409,Post Request,201,Created,Workload Config 1-105,text,true,,897,278,2,2,https://reqres.in/api/users,409,0,0
1709043181280,164,GET Single User,200,OK,Workload Config 1-106,text,true,,1186,148,1,1,https://reqres.in/api/users/2,164,0,109
1709043181445,413,Post Request,201,Created,Workload Config 1-106,text,true,,897,278,2,2,https://reqres.in/api/users,413,0,0
1709043181779,174,GET Single User,200,OK,Workload Config 1-107,text,true,,1186,148,1,1,https://reqres.in/api/users/2,174,0,101
1709043181954,407,Post Request,201,Created,Workload Config 1-107,text,true,,897,278,2,2,https://reqres.in/api/users,407,0,0
1709043182280,153,GET Single User,200,OK,Workload Config 1-108,text,true,,1186,148,1,1,https://reqres.in/api/users/2,153,0,102
1709043182434,418,Post Request,201,Created,Workload Config 1-108,text,true,,901,278,2,2,https://reqres.in/api/users,418,0,0
1709043182751,182,GET Single User,200,OK,Workload Config 1-109,text,true,,1178,148,1,1,https://reqres.in/api/users/2,182,0,100
1709043182934,409,Post Request,201,Created,Workload Config 1-109,text,true,,900,278,2,2,https://reqres.in/api/users,409,0,0
1709043183278,171,GET Single User,200,OK,Workload Config 1-110,text,true,,1178,148,1,1,https://reqres.in/api/users/2,171,0,101
1709043183450,422,Post Request,201,Created,Workload Config 1-110,text,true,,901,278,2,2,https://reqres.in/api/users,422,0,0
1709043183778,162,GET Single User,200,OK,Workload Config 1-111,text,true,,1180,148,1,1,https://reqres.in/api/users/2,162,0,91
1709043183941,408,Post Request,201,Created,Workload Config 1-111,text,true,,901,278,2,2,https://reqres.in/api/users,408,0,0
1709043184277,172,GET Single User,200,OK,Workload Config 1-112,text,true,,1182,148,1,1,https://reqres.in/api/users/2,172,0,101
1709043184450,419,Post Request,201,Created,Workload Config 1-112,text,true,,897,278,2,2,https://reqres.in/api/users,419,0,0
1709043184777,170,GET Single User,200,OK,Workload Config 1-113,text,true,,1178,148,1,1,https://reqres.in/api/users/2,170,0,113
1709043184948,408,Post Request,201,Created,Workload Config 1-113,text,true,,897,278,2,2,https://reqres.in/api/users,408,0,0
1709043185278,173,GET Single User,200,OK,Workload Config 1-114,text,true,,1178,148,1,1,https://reqres.in/api/users/2,173,0,116
1709043185452,417,Post Request,201,Created,Workload Config 1-114,text,true,,897,278,2,2,https://reqres.in/api/users,417,0,0
1709043185777,156,GET Single User,200,OK,Workload Config 1-115,text,true,,1186,148,1,1,https://reqres.in/api/users/2,156,0,103
1709043185934,405,Post Request,201,Created,Workload Config 1-115,text,true,,897,278,2,2,https://reqres.in/api/users,405,0,0
1709043186276,156,GET Single User,200,OK,Workload Config 1-116,text,true,,1182,148,1,1,https://reqres.in/api/users/2,156,0,98
1709043186433,409,Post Request,201,Created,Workload Config 1-116,text,true,,905,278,2,2,https://reqres.in/api/users,409,0,0
1709043186776,172,GET Single User,200,OK,Workload Config 1-117,text,true,,1186,148,1,1,https://reqres.in/api/users/2,172,0,107
1709043186949,406,Post Request,201,Created,Workload Config 1-117,text,true,,905,278,2,2,https://reqres.in/api/users,406,0,0
1709043187276,165,GET Single User,200,OK,Workload Config 1-118,text,true,,1180,148,1,1,https://reqres.in/api/users/2,165,0,109
1709043187443,432,Post Request,201,Created,Workload Config 1-118,text,true,,893,278,2,2,https://reqres.in/api/users,432,0,0
1709043187777,399,GET Single User,200,OK,Workload Config 1-119,text,true,,1182,148,1,1,https://reqres.in/api/users/2,399,0,309
1709043188276,258,GET Single User,200,OK,Workload Config 1-120,text,true,,1178,148,2,2,https://reqres.in/api/users/2,258,0,134
1709043188177,413,Post Request,201,Created,Workload Config 1-119,text,true,,893,278,2,2,https://reqres.in/api/users,413,0,0
1709043188535,418,Post Request,201,Created,Workload Config 1-120,text,true,,901,278,1,1,https://reqres.in/api/users,417,0,0
